,Medical School,Average GPA,Average MCAT Score
0,A.T. Still University,3.45,505
1,A.T. Still University of Health Sciences Kirksville College of Osteopathic Medicine,3.69,504
2,Alabama College of Osteopathic Medicine,3.45,504
3,Albany Medical College,3.6,511
4,Albert Einstein College of Medicine,3.82,516
5,Arizona College of Osteopathic Medicine of Midwestern University,3.53,507
6,Arkansas College of Osteopathic Medicine,3.5,500
7,Baylor College of Medicine,3.92,518
8,Boston University School of Medicine,3.72,517
9,Brown University The Warren Alpert Medical School,3.83,516
10,Burrell College of Osteopathic Medicine at New Mexico State University,3.54,504.19
11,California Health Sciences University College of Osteopathic Medicine,3.5,507.4
12,California Northstate University College of Medicine,3.6,511
13,California University of Science and Medicine,3.59,513
14,Campbell University Jerry M. Wallace School of Osteopathic Medicine,3.6,505
15,Carle Illinois College of Medicine,3.73,513
16,Case Western Reserve University School of Medicine,3.78,518
17,Central Michigan University College of Medicine,3.69,508
18,Chicago College of Osteopathic Medicine of Midwestern University,3.63,510
19,Chicago Medical School at Rosalind Franklin University of Medicine and Science,3.69,511
20,Columbia University College of Physicians and Surgeons,3.93,521
21,Cooper Medical School of Rowan University,3.77,511
22,Creighton University School of Medicine,3.83,513
23,Des Moines University College of Osteopathic Medicine,3.57,509
24,Drexel University College of Medicine,3.57,511
25,Duke University School of Medicine,3.9,519
26,East Carolina University Brody School of Medicine,3.54,506
27,East Tennessee State University Quillen College of Medicine,3.75,510
28,Eastern Virginia Medical School,3.5,511
29,Edward Via College of Osteopathic Medicine (Auburn Campus),3.7,502
30,Edward Via College of Osteopathic Medicine (Carolinas Campus),3.7,502
31,Edward Via College of Osteopathic Medicine (Louisiana Campus),3.7,502
32,Edward Via College of Osteopathic Medicine (Virginia Campus),3.7,502
33,Emory University School of Medicine,3.7,514
34,Florida Atlantic University Charles E. Schmidt College of Medicine,3.79,513
35,Florida International University Herbert Wertheim College of Medicine,3.7,509
36,Florida State University College of Medicine,3.8,507
37,Geisel School of Medicine at Dartmouth,3.77,516
38,Geisinger Commonwealth School of Medicine,3.72,511.6
39,George Washington University School of Medicine and Health Sciences,3.7,512
40,Georgetown University School of Medicine,3.63,512
41,Georgia Campus Philadelphia College of Osteopathic Medicine,N/A,504
42,Hackensack Meridian School of Medicine,3.71,513
43,Harvard Medical School,3.9,519.46
44,Hofstra Northwell School of Medicine,3.82,517
45,Howard University College of Medicine,3.61,507
46,Icahn School of Medicine at Mount Sinai,3.81,519
47,Idaho College of Osteopathic Medicine,3.56,505
48,Indiana University School of Medicine,3.82,512
49,Johns Hopkins University School of Medicine,3.95,522
50,Kaiser Permanente School of Medicine,3.68,516
51,Kansas City University of Medicine and Biosciences College of Osteopathic Medicine,3.64,507
52,Lake Erie College of Osteopathic Medicine,3.5,503
53,Lake Erie College of Osteopathic Medicine Bradenton Campus,3.5,503
54,Liberty University College of Osteopathic Medicine,3.4,503
55,Lincoln Memorial University DeBusk College of Osteopathic Medicine,3.4,501
56,Loma Linda University School of Medicine,3.83,510
57,Louisiana State University – New Orleans School of Medicine,3.85,509
58,Louisiana State University – Shreveport School of Medicine,3.7,506
59,Loyola University of Chicago Stritch School of Medicine,3.7,510
60,Marian University College of Osteopathic Medicine,3.65,504
61,Marshall University Joan C. Edwards School of Medicine,3.61,502
62,Mayo Clinic Alix School of Medicine,3.92,520
63,Medical College of Georgia at Augusta University,3.8,512
64,Medical College of Wisconsin,3.5,511
65,Medical University of South Carolina College of Medicine,3.7,511
66,Meharry Medical College School of Medicine,3.46,503
67,Mercer University School of Medicine,3.64,504
68,Michigan State University College of Human Medicine,3.77,510
69,Michigan State University College of Osteopathic Medicine,3.5-3.7,506-508
70,Morehouse School of Medicine,3.68,506
71,New York Institute of Technology College of Osteopathic Medicine,3.62,506
72,New York Medical College,3.6,514
73,New York University Grossman School of Medicine,3.92,522
74,New York University Long Island School of Medicine,3.83,516
75,Northeast Ohio Medical University,3.68,510
76,Northwestern University The Feinberg School of Medicine,3.9,520
77,Nova Southeastern University Dr. Kiran C. Patel College of Allopathic Medicine,3.76,512
78,Nova Southeastern University Dr. Kiran C. Patel College of Osteopathic Medicine,3.6,504
79,Oakland University William Beaumont School of Medicine,3.85,509
80,Ohio University Heritage College of Osteopathic Medicine,3.68,504
81,Oklahoma State University Center for Health Sciences College of Osteopathic Medicine,3.6,500
82,Oregon Health & Science University School of Medicine,3.65,509
83,Pacific Northwestern University of Health Sciences College of Osteopathic Medicine,3.5,504
84,Pennsylvania State University College of Medicine,3.75,511
85,Perelman School of Medicine University of Pennsylvania,3.92,522
86,Philadelphia College of Osteopathic Medicine,3.5,505
87,Ponce School of Medicine and Health Sciences,3.5,499
88,Quinnipiac University Frank H. Netter MD School of Medicine,3.7,513
89,Rocky Vista University College of Osteopathic Medicine,3.55,506
90,Rowan University School of Osteopathic Medicine,3.57,505
91,Rush Medical College of Rush University,3.65,511
92,Rutgers New Jersey Medical School,3.7,514
93,Rutgers Robert Wood Johnson Medical School,3.64,512
94,Saint Louis University School of Medicine,3.86,512.22
95,Sam Houston State University College of Osteopathic Medicine,3.69,506
96,San Juan Bautista School of Medicine,3.71,500
97,Sidney Kimmel Medical College at Thomas Jefferson University,3.73,514
98,Southern Illinois University School of Medicine,3.82,508
99,Stanford University School of Medicine,3.89,518
100,Stony Brook University School of Medicine,3.8,515
101,SUNY – Downstate Medical Center College of Medicine,3.73,513
102,SUNY – Upstate Medical University,3.64,509.86
103,TCU and UNTHSC School of Medicine,3.56,508
104,Temple University Lewis Katz School of Medicine,3.74,512
105,Texas A&M Health Science Center College of Medicine,3.86,513
106,Texas Tech University Health Sciences Center Paul L. Foster School of Medicine,3.78,509
107,Texas Tech University Health Sciences Center School of Medicine – Lubbock,3.9,512
108,The Ohio State University College of Medicine,3.82,514
109,The University of Toledo College of Medicine and Life Sciences,3.68,510
110,The University of Vermont Larner College of Medicine,3.69,513
111,Touro College of Osteopathic Medicine - Harlem Campus,3.47,506.75
112,Touro College of Osteopathic Medicine - Middletown Campus,3.48,502.68
113,Touro University California College of Osteopathic Medicine,3.56,509
114,Touro University – Nevada College of Osteopathic Medicine,3.54,506.9
115,Tufts University School of Medicine,3.71,514
116,Tulane University School of Medicine,3.52,508
117,Uniformed Services University of the Health Sciences F. Edward Hebert School of Medicine,3.7,509
118,Universidad Central Del Caribe School of Medicine,3.8,501
119,University at Buffalo Jacobs School of Medicine and Biomedical Sciences,3.66,510
120,University of Alabama School of Medicine,3.78,508.9
121,University of Arizona College of Medicine (Tucson),3.74,508
122,University of Arizona School of Medicine (Phoenix),3.78,515
123,University of Arkansas for Medical Sciences College of Medicine,3.84,509
124,University of California – Davis School of Medicine,3.58,510.52
125,University of California – Irvine School of Medicine,3.78,514.5
126,University of California – Los Angeles David Geffen School of Medicine,3.81,516
127,University of California – Riverside School of Medicine,3.6,509
128,University of California – San Diego School of Medicine,3.77,516.15
129,University of California – San Francisco School of Medicine,3.87,517
130,University of Central Florida College of Medicine,3.81,513
131,University of Chicago Pritzker School of Medicine,3.87,519
132,University of Cincinnati College of Medicine,3.74,515
133,University of Colorado School of Medicine,3.82,515
134,University of Connecticut School of Medicine,3.76,513
135,University of Florida College of Medicine,3.79,514
136,University of Hawaii John A. Burns School of Medicine,3.76,513
137,University of Houston College of Medicine,3.59,506
138,University of Illinois College of Medicine,3.8,513
139,University of Iowa Carver College of Medicine,3.8,515
140,University of Kansas School of Medicine,3.88,510
141,University of Kentucky College of Medicine,3.65,507.5
142,University of Louisville School of Medicine,3.65,507
143,University of Maryland School of Medicine,3.8,515
144,University of Massachusetts Medical School,3.77,514
145,University of Miami Miller School of Medicine,3.75,514
146,University of Michigan Medical School,3.72,515
147,University of Minnesota Medical School - Duluth,3.67,504
148,University of Minnesota Medical School - Twin Cities,3.72,509.8
149,University of Mississippi School of Medicine,3.7,504
150,University of Missouri – Columbia School of Medicine,3.81,509
151,University of Missouri – Kansas City School of Medicine,3.85,510
152,University of Nebraska Medical Center College of Medicine,3.85,512
153,University of Nevada Las Vegas School of Medicine,3.6–3.7,510
154,University of Nevada Reno School of Medicine,3.77,509
155,University of New England College of Osteopathic Medicine,3.57,504
156,University of New Mexico School of Medicine,3.71,505
157,University of North Carolina at Chapel Hill School of Medicine,3.66,512
158,University of North Dakota School of Medicine and Health Sciences,3.8,507
159,University of North Texas Health Science Center at Fort Worth Texas College of Osteopathic Medicine,3.71,507
160,University of Oklahoma College of Medicine,3.81,509.43
161,University of Pikeville Kentucky College of Osteopathic Medicine,3.5,500
162,University of Pittsburgh School of Medicine,3.83,516
163,University of Puerto Rico School of Medicine,3.86,506
164,University of Rochester School of Medicine and Dentistry,3.7,514
165,University of South Alabama College of Medicine,3.83,510
166,University of South Carolina School of Medicine – Columbia,3.71,508
167,University of South Carolina School of Medicine – Greenville,3.7-3.75,509
168,University of South Dakota Sanford School of Medicine,3.82,508
169,University of South Florida Health Morsani College of Medicine,3.89,518
170,University of Southern California Keck School of Medicine,3.8,517
171,University of Tennessee Health Science Center College of Medicine,3.89,512
172,University of Texas at Austin Dell Medical School,3.78,514
173,University of Texas McGovern Medical School at Houston,3.81,511
174,University of Texas Medical Branch School of Medicine,3.8,510
175,University of Texas Rio Grande Valley School of Medicine,3.69,508
176,University of Texas School of Medicine at San Antonio,3.87,517.6
177,University of Texas Southwestern Medical School,3.83,517
178,University of the Incarnate Word School of Osteopathic Medicine,3.61,502
179,University of Utah School of Medicine,3.87,514
180,University of Virginia School of Medicine,3.86,518.58
181,University of Washington School of Medicine,3.75,511
182,University of Wisconsin School of Medicine and Public Health,3.73,511
183,Vanderbilt University School of Medicine,3.95,521
184,Virginia Commonwealth University School of Medicine,3.7,512
185,Virginia Tech Carilion School of Medicine and Research Institute,3.6,512
186,Wake Forest School of Medicine,3.67,512
187,Washington State University Elson S. Floyd College of Medicine,3.55,507.4
188,Washington University School of Medicine,3.87,520.3
189,Wayne State University School of Medicine,3.8,514
190,Weill Cornell Medical College,3.91,519
191,West Virginia School of Osteopathic Medicine,3.54,502
192,West Virginia University School of Medicine,3.75,511
193,Western Michigan University School of Medicine,3.77,513
194,Western University of Heath Sciences College of Osteopathic Medicine of the Pacific,3.65,508
195,William Carey University College of Osteopathic Medicine,3.4,500
196,Wright State University Boonshoft School of Medicine,3.6,507
197,Yale School of Medicine,3.93,521
